,0
Adaptation,0
Advertising,0
Aerospace engineering,0
Afterglow,0
Air travel,0
Aircraft,0
Airline,0
Airliner,0
Airplane,0
Alcoholic beverage,0
Alley,0
Ancient history,0
Antique,0
Arch,0
Architecture,2
Arm,0
Art,0
Artwork,0
Atmosphere,0
Atmospheric phenomenon,0
Aviation,0
Awning,0
Bacardi cocktail,0
Baked goods,0
Barechested,0
Beanie,0
Beard,0
Beauty,0
Berry,0
Black hair,0
Black-and-white,0
Blizzard,0
Blue,0
Boat,0
Bodybuilding,0
Botany,0
Branch,0
Bread,0
Breakfast,0
Breakfast roll,0
Breakfast sandwich,0
Bridge,0
Bronze sculpture,0
Brunch,0
Building,2
Bulldog,0
Bun,0
California-style pizza,0
Calm,0
Camouflage,0
Canidae,0
Cap,0
Car,0
Carnivore,0
Ceiling,0
Chest,0
Child,0
Christmas tree,0
City,2
Cityscape,0
Classic cocktail,0
Classical architecture,0
Close-up,0
Cloud,0
Cocktail,0
Collection,0
Column,0
Comfort food,0
Companion dog,0
Conifer,0
Cool,0
Cosmetics,0
Courthouse,0
Cuisine,3
Daiquiri,0
Darkness,0
Daylighting,0
Daytime,0
Design,0
Dessert,0
Dish,3
Dock,0
Document,0
Dog,0
Dog breed,0
Drawing,0
Dreadlocks,0
Drink,0
Dusk,0
Electronic device,0
Electronics,0
Evening,0
Event,0
Eye,0
Eye shadow,0
Eyebrow,0
Eyelash,0
Eyewear,0
Facade,2
Face,0
Facial expression,0
Facial hair,0
Family car,0
Fashion,0
Fast food,0
Fawn,0
Finger food,0
Fish,0
Flag,0
Flap,0
Flatbread,0
Flesh,0
Flight,0
Floor,0
Flooring,0
Flower,0
Font,0
Food,3
Footwear,0
Forest,0
Formal wear,0
Freezing,1
French bulldog,0
Fried food,0
Frozen dessert,0
Full-size car,0
Fun,0
Fur,0
Furniture,0
Gadget,0
Garnish,0
Gentleman,0
Gesture,0
Glasses,0
Graffiti,0
Grove,0
Hair,0
Hairstyle,0
Hall,0
Hamburger,0
Hand,0
Happy,0
Harbor,0
Head,0
Headgear,0
Historic site,0
History,0
Home,0
Honda,0
Horizon,0
Horse,0
House,0
Human,0
Human body,0
Human settlement,0
Ice,0
Infrastructure,0
Ingredient,3
Interior design,0
Iron,0
Italian food,0
Joint,0
Juice,0
Junk food,0
Kids' meal,0
Landmark,2
Lawn ornament,0
Leaf,0
Leaf vegetable,0
Leg,0
Light,0
Lighting,0
Line,0
Lip,0
Lobby,0
Longship,0
Lunch,0
Luxury vehicle,0
Machine,0
Magenta,0
Male,0
Mammal,0
Margarita,0
Marina,0
Mascot,0
Mast,0
Material property,0
Meal,0
Media,0
Medieval architecture,0
Metal,0
Metropolis,0
Metropolitan area,0
Mid-size car,0
Midnight,0
Mixed-use,0
Mode of transport,0
Modern art,0
Monochrome,0
Monument,0
Morning,0
Mosaic,0
Mountain,0
Moustache,0
Mural,0
Muscle,0
Museum,0
National historic landmark,0
Natural environment,0
Natural landscape,0
Nature reserve,0
Neighbourhood,0
Night,0
Non-alcoholic beverage,0
Nonbuilding structure,0
Nose,0
Ocean,0
Orange,0
Organ,0
Outerwear,0
Painting,0
Palace,0
Pan de coco,0
Pandesal,0
Pedestrian,0
People,0
Photo shoot,0
Photograph,0
Photography,0
Physical fitness,0
Picture frame,0
Pier,0
Pink,0
Pink lady,0
Pizza,0
Pizza cheese,0
Place of worship,0
Plant,0
Playing in the snow,0
Plaza,0
Plush,0
Pond,0
Potato bread,0
Produce,3
Property,0
Public space,0
Public transport,0
Puppet,0
Real estate,0
Recipe,0
Recreation,0
Rectangle,0
Red,0
Red sky at morning,0
Reflection,0
Residential area,0
River,0
Road,0
Roof,0
Room,0
Scarf,0
Sculpture,0
Sea,0
Sedan,0
Selfie,0
Shark,0
Shelf,0
Shoulder,0
Shrine,0
Side dish,0
Sitting,0
Skin,0
Sky,2
Skyline,0
Slider,0
Smile,0
Snapshot,0
Snout,0
Snow,1
Sport utility vehicle,0
Sporting Group,0
Spring,0
Square,0
Standing,0
Staple food,0
Statue,0
Steel,0
Stock photography,0
Street,0
Street art,0
Street artist,0
Street light,0
Stuffed toy,0
Summer,0
Sun,0
Sunlight,0
Sunrise,0
Sunset,0
Sweetness,0
Symmetry,0
Table,0
Tapestry,0
Taquito,0
Tarte flambée,0
Tattoo,0
Temple,0
Temporary tattoo,0
Terrestrial animal,0
Text,0
Textile,0
Tile,0
Tourism,0
Tourist attraction,0
Tower,0
Tower block,0
Town,2
Town square,0
Toy,0
Transport,0
Tree,1
Trunk,0
Twig,0
Uniform,0
Urban area,2
Vacation,0
Vegetarian food,0
Vegetation,0
Vehicle,0
Vertebrate,0
Viking ships,0
Visual arts,0
Walking,0
Walkway,0
Wall,0
Water,0
Water feature,0
Water resources,0
Watercourse,0
Watercraft,0
Waterfall,0
Waterway,0
Window,0
Winter,1
Winter storm,0
Woody plant,0
Working animal,0
World,0
Wrist,0
Yellow,0
Zoo,0
appetizer,0
À la carte food,0
